-- ============================================================
-- Import data from Excel files
-- ============================================================

USE Obuv;
GO

-- Clear seed data and replace with real import data
DELETE FROM order_items;
DELETE FROM orders;
DELETE FROM products;
DELETE FROM users;
DELETE FROM categories;
DELETE FROM manufacturers;
DELETE FROM suppliers;
DELETE FROM units;
DELETE FROM order_statuses;
DELETE FROM roles;
DBCC CHECKIDENT ('categories', RESEED, 0);
DBCC CHECKIDENT ('manufacturers', RESEED, 0);
DBCC CHECKIDENT ('suppliers', RESEED, 0);
DBCC CHECKIDENT ('units', RESEED, 0);
DBCC CHECKIDENT ('order_statuses', RESEED, 0);
DBCC CHECKIDENT ('roles', RESEED, 0);
DBCC CHECKIDENT ('products', RESEED, 0);
DBCC CHECKIDENT ('users', RESEED, 0);
DBCC CHECKIDENT ('orders', RESEED, 0);
DBCC CHECKIDENT ('order_items', RESEED, 0);
GO

INSERT INTO roles (role_name) VALUES
    (N'Администратор'), (N'Менеджер'), (N'Клиент');
GO

INSERT INTO order_statuses (status_name) VALUES
    (N'Новый'), (N'В обработке'), (N'Доставляется'), (N'Готов к выдаче'), (N'Выдан'), (N'Отменён'), (N'Завершен');
GO

INSERT INTO units (unit_name) VALUES (N'шт.');
GO

INSERT INTO categories (category_name) VALUES
    (N'Женская обувь'), (N'Мужская обувь');
GO

INSERT INTO manufacturers (manufacturer_name) VALUES
    (N'Alessio Nesca'), (N'CROSBY'), (N'Kari'), (N'Marco Tozzi'), (N'Rieker'), (N'Рос');
GO

INSERT INTO suppliers (supplier_name) VALUES
    (N'Kari'), (N'Обувь для вас');
GO

-- Create pickup_points table
IF NOT EXISTS (SELECT * FROM sys.tables WHERE name = 'pickup_points')
CREATE TABLE pickup_points (
    pickup_id      INT           NOT NULL IDENTITY(1,1),
    pickup_address NVARCHAR(300) NOT NULL,
    CONSTRAINT PK_pickup_points PRIMARY KEY (pickup_id)
);
GO

INSERT INTO pickup_points (pickup_address) VALUES
    (N'420151, г. Лесной, ул. Вишневая, 32'),
    (N'125061, г. Лесной, ул. Подгорная, 8'),
    (N'630370, г. Лесной, ул. Шоссейная, 24'),
    (N'400562, г. Лесной, ул. Зеленая, 32'),
    (N'614510, г. Лесной, ул. Маяковского, 47'),
    (N'410542, г. Лесной, ул. Светлая, 46'),
    (N'620839, г. Лесной, ул. Цветочная, 8'),
    (N'443890, г. Лесной, ул. Коммунистическая, 1'),
    (N'603379, г. Лесной, ул. Спортивная, 46'),
    (N'603721, г. Лесной, ул. Гоголя, 41'),
    (N'410172, г. Лесной, ул. Северная, 13'),
    (N'614611, г. Лесной, ул. Молодежная, 50'),
    (N'454311, г.Лесной, ул. Новая, 19'),
    (N'660007, г.Лесной, ул. Октябрьская, 19'),
    (N'603036, г. Лесной, ул. Садовая, 4'),
    (N'394060, г.Лесной, ул. Фрунзе, 43'),
    (N'410661, г. Лесной, ул. Школьная, 50'),
    (N'625590, г. Лесной, ул. Коммунистическая, 20'),
    (N'625683, г. Лесной, ул. 8 Марта'),
    (N'450983, г.Лесной, ул. Комсомольская, 26'),
    (N'394782, г. Лесной, ул. Чехова, 3'),
    (N'603002, г. Лесной, ул. Дзержинского, 28'),
    (N'450558, г. Лесной, ул. Набережная, 30'),
    (N'344288, г. Лесной, ул. Чехова, 1'),
    (N'614164, г.Лесной,  ул. Степная, 30'),
    (N'394242, г. Лесной, ул. Коммунистическая, 43'),
    (N'660540, г. Лесной, ул. Солнечная, 25'),
    (N'125837, г. Лесной, ул. Шоссейная, 40'),
    (N'125703, г. Лесной, ул. Партизанская, 49'),
    (N'625283, г. Лесной, ул. Победы, 46'),
    (N'614753, г. Лесной, ул. Полевая, 35'),
    (N'426030, г. Лесной, ул. Маяковского, 44'),
    (N'450375, г. Лесной ул. Клубная, 44'),
    (N'625560, г. Лесной, ул. Некрасова, 12'),
    (N'630201, г. Лесной, ул. Комсомольская, 17'),
    (N'190949, г. Лесной, ул. Мичурина, 26');
GO

INSERT INTO users (login, password, last_name, first_name, middle_name, role_id) VALUES
    (N'94d5ous@gmail.com', N'uzWC67', N'Никифорова', N'Весения', N'Николаевна', 1),
    (N'uth4iz@mail.com', N'2L6KZG', N'Сазонов', N'Руслан', N'Германович', 1),
    (N'yzls62@outlook.com', N'JlFRCZ', N'Одинцов', N'Серафим', N'Артёмович', 1),
    (N'1diph5e@tutanota.com', N'8ntwUp', N'Степанов', N'Михаил', N'Артёмович', 2),
    (N'tjde7c@yahoo.com', N'YOyhfR', N'Ворсин', N'Петр', N'Евгеньевич', 2),
    (N'wpmrc3do@tutanota.com', N'RSbvHv', N'Старикова', N'Елена', N'Павловна', 2),
    (N'5d4zbu@tutanota.com', N'rwVDh9', N'Михайлюк', N'Анна', N'Вячеславовна', 3),
    (N'ptec8ym@yahoo.com', N'LdNyos', N'Ситдикова', N'Елена', N'Анатольевна', 3),
    (N'1qz4kw@mail.com', N'gynQMT', N'Ворсин', N'Петр', N'Евгеньевич', 3),
    (N'4np6se@mail.com', N'AtnDjr', N'Старикова', N'Елена', N'Павловна', 3);
GO

INSERT INTO products (product_name, category_id, description, manufacturer_id, supplier_id, price, unit_id, stock_quantity, discount, image_path) VALUES
    (N'Ботинки', 1, N'Женские Ботинки демисезонные kari', 3, 1, 4990, 1, 6, 3, N'1.jpg'),
    (N'Ботинки', 1, N'Ботинки Marco Tozzi женские демисезонные, размер 39, цвет бежевый', 4, 2, 3244, 1, 13, 2, N'2.jpg'),
    (N'Туфли', 2, N'Туфли kari мужские классика MYZ21AW-450A, размер 43, цвет: черный', 3, 1, 4499, 1, 5, 4, N'3.jpg'),
    (N'Ботинки', 2, N'Мужские ботинки Рос-Обувь кожаные с натуральным мехом', 6, 1, 5900, 1, 8, 2, N'4.jpg'),
    (N'Ботинки', 2, N'B3430/14 Полуботинки мужские Rieker', 5, 2, 3800, 1, 16, 2, N'5.jpg'),
    (N'Кроссовки', 2, N'129615-4 Кроссовки мужские', 6, 2, 4100, 1, 6, 3, N'6.jpg'),
    (N'Туфли', 1, N'Туфли Marco Tozzi женские летние, размер 39, цвет черный', 4, 1, 2700, 1, 14, 2, N'7.jpg'),
    (N'Полуботинки', 1, N'Полуботинки Alessio Nesca женские 3-30797-47, размер 37, цвет: бордовый', 1, 2, 1890, 1, 4, 4, N'8.jpg'),
    (N'Туфли', 1, N'Туфли Rieker женские демисезонные, размер 41, цвет коричневый', 5, 1, 4300, 1, 6, 2, N'9.jpg'),
    (N'Туфли', 1, N'Туфли kari женские TR-YR-413017, размер 37, цвет: черный', 3, 1, 2800, 1, 15, 3, N'10.jpg'),
    (N'Полуботинки', 2, N'407700/01-01 Полуботинки мужские CROSBY', 2, 2, 2156, 1, 6, 3, NULL),
    (N'Полуботинки', 1, N'Полуботинки kari женские MYZ20S-149, размер 41, цвет: черный', 3, 1, 1800, 1, 14, 2, NULL),
    (N'Кеды', 2, N'Кеды Caprice мужские демисезонные, размер 42, цвет черный', 2, 2, 5500, 1, 0, 3, NULL),
    (N'Полуботинки', 2, N'407700/01-02 Полуботинки мужские CROSBY', 2, 2, 2100, 1, 3, 2, NULL),
    (N'Туфли', 1, N'Туфли женские демисезонные Rieker артикул 55073-68/37', 5, 2, 5400, 1, 18, 4, NULL),
    (N'Ботинки', 1, N'Ботинки женские зимние ROMER арт. 893167-01 Черный', 3, 1, 6600, 1, 9, 12, NULL),
    (N'Тапочки', 2, N'Тапочки мужские Арт.70701-55-67син р.41', 3, 1, 500, 1, 0, 13, NULL),
    (N'Ботинки', 2, N'Мужские кожаные ботинки/мужские ботинки', 5, 2, 2700, 1, 5, 2, NULL),
    (N'Туфли', 1, N'Туфли женские, ARGO, размер 38', 2, 1, 6800, 1, 15, 15, NULL),
    (N'Ботинки', 1, N'Ботинки женские, ARGO, размер 40', 1, 1, 10200, 1, 9, 15, NULL),
    (N'Ботинки', 1, N'Ботинки на молнии с декоративной пряжкой FRAU', 5, 2, 11800, 1, 11, 15, NULL),
    (N'Полуботинки', 1, N'Полуботинки Ботинки черные зимние, мех', 2, 1, 4600, 1, 13, 3, NULL),
    (N'Туфли', 1, N'Туфли Luiza Belly женские Kate-lazo черные из натуральной замши', 3, 1, 12400, 1, 5, 16, NULL),
    (N'Тапочки', 2, N'Мужские кожаные тапочки "Профиль С.Дали" ', 2, 2, 9900, 1, 15, 17, NULL),
    (N'Полуботинки', 1, N'Полуботинки kari женские WB2020SS-26, размер 38, цвет: черный', 3, 1, 1700, 1, 7, 2, NULL),
    (N'Кроссовки', 2, N'Кроссовки мужские TOFA', 5, 2, 2800, 1, 3, 18, NULL),
    (N'Туфли', 1, N'Туфли Rieker женские демисезонные, размер 36, цвет коричневый', 5, 2, 4399, 1, 12, 3, NULL),
    (N'Сапоги', 1, N'Сапоги замша Цвет: синий', 2, 1, 4699, 1, 5, 2, NULL),
    (N'Тапочки', 2, N'Тапочки мужские син р.41', 5, 1, 599, 1, 2, 20, NULL),
    (N'Ботинки', 1, N'Женские Ботинки демисезонные', 5, 2, 2300, 1, 7, 2, NULL);
GO

INSERT INTO orders (article_number, status_id, pickup_address, order_date, issue_date) VALUES
    (N'ORD-0001', 7, N'420151, г. Лесной, ул. Вишневая, 32', '2025-02-27', '2025-04-20'),
    (N'ORD-0002', 7, N'410172, г. Лесной, ул. Северная, 13', '2022-09-28', '2025-04-21'),
    (N'ORD-0003', 7, N'125061, г. Лесной, ул. Подгорная, 8', '2025-03-21', '2025-04-22'),
    (N'ORD-0004', 7, N'410172, г. Лесной, ул. Северная, 13', '2025-02-20', '2025-04-23'),
    (N'ORD-0005', 7, N'125061, г. Лесной, ул. Подгорная, 8', '2025-03-17', '2025-04-24'),
    (N'ORD-0006', 7, N'603036, г. Лесной, ул. Садовая, 4', '2025-03-01', '2025-04-25'),
    (N'ORD-0007', 7, N'630370, г. Лесной, ул. Шоссейная, 24', '2025-01-01', '2025-04-26'),
    (N'ORD-0008', 1, N'625683, г. Лесной, ул. 8 Марта', '2025-03-31', '2025-04-27'),
    (N'ORD-0009', 1, N'614510, г. Лесной, ул. Маяковского, 47', '2025-04-02', '2025-04-28'),
    (N'ORD-0010', 1, N'625683, г. Лесной, ул. 8 Марта', '2025-04-03', '2025-04-29');
GO

INSERT INTO order_items (order_id, product_id, quantity, price_at_order) VALUES
    (1, 1, 2, 4990),
    (1, 2, 2, 3244),
    (2, 3, 1, 4499),
    (2, 4, 1, 5900),
    (3, 5, 10, 3800),
    (3, 6, 10, 4100),
    (4, 7, 5, 2700),
    (4, 8, 4, 1890),
    (5, 1, 2, 4990),
    (5, 2, 2, 3244),
    (6, 3, 1, 4499),
    (6, 4, 1, 5900),
    (7, 5, 10, 3800),
    (7, 6, 10, 4100),
    (8, 7, 5, 2700),
    (8, 8, 4, 1890),
    (9, 9, 5, 4300),
    (9, 10, 1, 2800),
    (10, 11, 5, 2156),
    (10, 12, 5, 1800);
GO